<?xml version="1.0" encoding="UTF-8"?>
<openerp>
	<data>
		<record id="persona_profesor_form" model="ir.ui.view">
			<field name="name">profesor.form</field>
			<field name="model">profesor</field>
			<field name="type">form</field>
			<field name="arch" type="xml"> 
				<form string="Profesores">
					<field name="photo" />
					<field name="name" />
					<field name="lastname" />
					<field name="DNI" />
					<field name="phone" />
					<field name="address" />
					<field name="email" />
					<field name="pago" />
					<field name="despacho" />
					<field name="cargo" />
					
				</form>
			</field>
		</record>
		<record id="action_persona_profesor" model="ir.actions.act_window">
			<field name='name'>Ver Profesores</field>
			<field name='res_model'>profesor</field>
			<field name='view_type'>form</field>
			<field name='view_mode'>tree,form</field>
		</record>
			
		<menuitem id="Profesores" name="Profesores" parent="Idiomas"></menuitem>
		<menuitem action="action_persona_profesor" id="Profesores2" parent="Profesores" />
	</data>
</openerp>