<?xml version="1.0" encoding="UTF-8"?>
<openerp>
	<data>
		<record id="curso_form" model="ir.ui.view">
			<field name="name">curso.form</field>
			<field name="model">curso</field>
			<field name="type">form</field>
			<field name="arch" type="xml">
				<form string="Curso">
					<field name="idioma" />
					<field name="duracion" />
					<field name="precio" />
					<field name="anoacademico" />
					<field name="tipo" />
				</form>
			</field>
		</record>

		<record id="curso_tree" model="ir.ui.view">
			<field name="name">curso.form</field>
			<field name="model">curso</field>
			<field name="type">tree</field>
			<field name="arch" type="xml">
				<tree string="Cursos">
					<field name="idioma" />
					<field name="duracion" />
					<field name="precio" />
					<field name="anoacademico" />
					<field name="tipo" />

				</tree>
			</field>
		</record>

		<record id="action_curso" model="ir.actions.act_window">
			<field name='name'>Curso</field>
			<field name='res_model'>curso</field>
			<field name='view_type'>form</field>
			<field name='view_mode'>tree,form</field>
		</record>


		<menuitem id="Cursos" name="Cursos" parent="Idiomas"></menuitem>
		<menuitem action="action_curso" id="Curso" parent="Cursos" />

	</data>
</openerp>