<?xml version="1.0" encoding="UTF-8"?>
<openerp>
	<data>
		<record id="persona_alumno_form" model="ir.ui.view">
			<field name="name">alumno.form</field>
			<field name="model">alumno</field>
			<field name="type">form</field>
			<field name="arch" type="xml">
				<form string="Alumnos">
					<field name="photo" />
					<field name="name" />
					<field name="lastname" />
					<field name="DNI" />
					<field name="phone" />
					<field name="address" />
					<field name="email" />
					<field name="cobro" />
					<field name="curso_ids" colspan="9" />
				</form>
			</field>
		</record>

		<record id="persona_alumno_tree" model="ir.ui.view">
			<field name="name">alumno.form</field>
			<field name="model">alumno</field>
			<field name="type">tree</field>
			<field name="arch" type="xml">
				<tree string="Alumnos">
					<field name="photo" />
					<field name="name" />
					<field name="lastname" />
					<field name="DNI" />
					<field name="phone" />
					<field name="address" />
					<field name="email" />
					<field name="cobro" />
					<field name="curso_ids" />
				</tree>
			</field>
		</record>

		<record model="ir.ui.view" id="view_manage_alumno_search">
			<field name="name">view_manage_alumno_search</field>
			<field name="model">alumno</field>
			<field name="type">search</field>
			<field name="arch" type="xml">
				<search string="Alumnos">
					<filter string="Alumnos" icon="terp-accessories-archiver"
						domain="[('DNI')]" />
					<separator orientation="vertical" />
					<field name="DNI" />
				</search>
			</field>
		</record>


		<record id="action_persona_alumno" model="ir.actions.act_window">
			<field name='name'>Ver Alumnos</field>
			<field name='res_model'>alumno</field>
			<field name='view_type'>form</field>
			<field name='view_mode'>tree,form</field>
			<field name="search_view_id" ref="view_manage_alumno_search" />
		</record>
		<menuitem id="Idiomas" name="Idiomas" action="action_persona_alumno" />
		<menuitem id="Alumnos" name="Alumnos" parent="Idiomas"></menuitem>
		<menuitem action="action_persona_alumno" id="Alumnos2"
			parent="Alumnos" />
	</data>
</openerp>