<?xml version="1.0" encoding="UTF-8"?>
<openerp>
	<data>
		<record id="curso_form" model="ir.ui.view">
			<field name="name">curso.form</field>
			<field name="model">curso</field>
			<field name="type">form</field>
			<field name="arch" type="xml">
				<form string="Curso">
					<field name="idioma" />
					<field name="duracion" />
					<field name="precio" />
					<field name="anoacademico" />
					<field name="tipo" />
					<field name="alumno_ids" colspan="6" />
					<field name="profesor_ids" />
				</form>
			</field>
		</record>

		<record id="curso_tree" model="ir.ui.view">
			<field name="name">curso.form</field>
			<field name="model">curso</field>
			<field name="type">tree</field>
			<field name="arch" type="xml">
				<tree string="Cursos">
					<field name="idioma" />
					<field name="duracion" />
					<field name="precio" />
					<field name="anoacademico" />
					<field name="tipo" />
					<field name="alumno_ids" />
					<field name="profesor_ids" />
				</tree>
			</field>
		</record>

		<record model="ir.ui.view" id="view_manage_curso_search">
			<field name="name">view_manage_curso_search</field>
			<field name="model">curso</field>
			<field name="type">search</field>
			<field name="arch" type="xml">
				<search string="Cursos">
					<filter string="Idiomas" icon="terp-accessories-archiver"
						domain="[('idioma')]" />
					<separator orientation="vertical" />
					<field name="idioma" />
				</search>
			</field>
		</record>


		
		<record id="action_curso" model="ir.actions.act_window">
			<field name='name'>Ver Cursos</field>
			<field name='res_model'>curso</field>
			<field name='view_type'>form</field>
			<field name='view_mode'>tree,form</field>
			<field name="search_view_id" ref="view_manage_curso_search" />
		</record>


		<menuitem id="Cursos" name="Cursos" parent="Idiomas"></menuitem>
		<menuitem action="action_curso" id="Ver Curso" parent="Cursos" />

	</data>
</openerp>